<?xml version="1.0" encoding="UTF-8"?>
<!DOCTYPE mapper
        PUBLIC "-//mybatis.org//DTD Mapper 3.0//EN"
        "http://mybatis.org/dtd/mybatis-3-mapper.dtd">
<mapper namespace="com.mipcteps.common.model.mapper.RoleMapper">

    <select id="selectRoleByUserId" resultType="Role">
        select r.*
        from role r
        left join authority_role ar on ar.roleid = r.roleid
        left join user u on u.authorityid = ar.authorityid
        where u.userid = #{userId}
    </select>

    <select id="selectAuthorityByRoleId" resultType="Authorize" parameterType="integer">
        select a.*
        from authorize a
        left join role_authorize ra on (a.authorizeid = ra.authorizeid)
        left join role r on (ra.roleid =  r.roleid)
        where r.roleid = #{roleId}
    </select>

    <!--<insert id="addAccount" parameterType="Account">
        insert into account
        <trim prefix="(" suffixOverrides="," suffix=")">
            <if test="perms != null and perms != ''">
                perms,
            </if>
            <if test="role != null and role != ''">
                role
            </if>
        </trim>
        values
        <trim prefix="(" suffixOverrides="," suffix=")">
            <if test="perms != null and perms != ''">
                #{perms},
            </if>
            <if test="role != null and role != ''">
                #{role}
            </if>
        </trim>
    </insert> -->



</mapper>