<?xml version="1.0" encoding="UTF-8"?>
<!DOCTYPE mapper
        PUBLIC "-//mybatis.org//DTD Mapper 3.0//EN"
        "http://mybatis.org/dtd/mybatis-3-mapper.dtd">
<mapper namespace="com.mipcteps.common.model.mapper.UserMapper">

    <select id="selectOneUserFromTheUsername" resultType="User" parameterType="string">
        select *
        from user u
        where u.username = #{username}
    </select>

    <update id="updateOneUserByUserId" parameterType="user">
        update user
        <set>
            <if test="username != null and username != ''">
                username = #{username},
            </if>
            <if test="sex != null and sex != ''">
                sex = #{sex},
            </if>
            <if test="description != null and description != ''" >
                description = #{description},
            </if>
        </set>
        where userid = #{userId}
    </update>


    <insert id="insertOneUser" parameterType="User">
		insert into user
        <trim prefix="(" suffixOverrides="," suffix=")">
            <if test=" username != null and username != ''">
                username,
            </if>
            <if test="password != null and password != ''">
                password,
            </if>
            userid,
            <if test="sex != null and sex != ''">
                sex,
            </if>
            <if test="authorityId != null and authorityId != 0">
                authorityid,
            </if>
            createdate
        </trim>
		<trim prefix="values(" suffixOverrides="," suffix=")">
            <if test="username != '' and username != null">
                #{username},
            </if>
            <if test="password != '' and password != null">
                #{password},
            </if>
            <if test="userId != null and userId != ''">
                #{userId},
            </if>
            <if test="userId == null or userId == '' ">
                substr(replace(uuid(),'-',''),1,23),
            </if>
            <if test="sex != null and sex != ''">
                #{sex},
            </if>
            <if test="authorityId != null and authorityId != 0">
                #{authorityId},
            </if>
            <if test="createDate != null ">
                #{createDate},
            </if>
            <if test="createDate == null ">
                NOW()
            </if>
        </trim>
	</insert>


    <!--<resultMap id="UserBase" type="User">
       <id property="id" column="id"/>
       <result property="username" column="username"/>
       <result property="password" column="password"/>
       <result property="age" column="age"/>
       <result property="sex" column="sex"/>
       <result property="phone" column="phone"/>
       <result property="createdate" column="createdate"/>
       <result property="description" column="description"/>
       <result property="aid" column="aid"/>
       <association property="account" javaType="Account">
           <id property="aid" column="aid"/>
           <result property="perms" column="perms"/>
           <result property="role" column="role"/>
       </association>
   </resultMap>-->

    <!--   -->

</mapper>