<?xml version="1.0" encoding="UTF-8"?>
<!DOCTYPE mapper
        PUBLIC "-//mybatis.org//DTD Mapper 3.0//EN"
        "http://mybatis.org/dtd/mybatis-3-mapper.dtd">
<mapper namespace="com.mipcteps.common.model.mapper.UserFileMapper">

    <select id="selectAllUserFileById" resultType="userFile">
        select * from userfile
        <if test="id != null">
            where (id = #{id})
        </if>
    </select>

    <delete id="deleteFileByFileName" parameterType="string">
        delete from files
        where filename = #{filename}
    </delete>

    <insert id="insertBatchUserFile" parameterType="userFile">
        insert into userfile(userid,filename,type,size,path)
        values
        <foreach collection="array" item="file" separator=",">
            (#{file.userId},#{file.filename},#{file.type},#{file.size},#{file.path})
        </foreach>
    </insert>

    <delete id="deleteOneUserFileById" parameterType="integer">
        delete from userfile
        where id = #{id}
    </delete>

    <select id="selectOneUserFileByFileName" resultType="userFile" parameterType="string">
        SELECT *
        FROM userfile
        WHERE filename = #{filename}
    </select>

    <update id="updateOneUserFileDownloadCountByFileName" parameterType="string">
        update userfile set downloadcount = downloadcount+1
        <where>
            filename = #{filename}
        </where>
    </update>

 


</mapper>